{"v":"5.7.4","fr":29.9700012207031,"ip":0,"op":390.000015885026,"w":1071,"h":358,"nm":"logo","ddd":0,"assets":[{"id":"image_0","w":31,"h":27,"u":"images/","p":"img_0.png","e":0},{"id":"image_1","w":374,"h":418,"u":"images/","p":"img_1.png","e":0},{"id":"image_2","w":467,"h":167,"u":"images/","p":"img_2.png","e":0},{"id":"image_3","w":636,"h":304,"u":"images/","p":"img_3.png","e":0},{"id":"image_4","w":381,"h":167,"u":"images/","p":"img_4.png","e":0}],"layers":[{"ddd":0,"ind":1,"ty":2,"nm":"Estrella","refId":"image_0","sr":1,"ks":{"o":{"a":0,"k":100,"ix":11},"r":{"a":0,"k":0,"ix":10},"p":{"a":0,"k":[791.314,172.258,0],"ix":2,"l":2},"a":{"a":0,"k":[15.408,13.266,0],"ix":1,"l":2},"s":{"a":1,"k":[{"i":{"x":[0.462,0.462,0.667],"y":[3.108,3.108,1]},"o":{"x":[0.648,0.648,0.333],"y":[-0.267,-0.267,0]},"t":40,"s":[0,0,100]},{"i":{"x":[0.45,0.45,0.833],"y":[-78.631,-78.631,1]},"o":{"x":[0.167,0.167,0.167],"y":[0,0,0]},"t":55,"s":[100,100,100]},{"i":{"x":[0.007,0.007,0.833],"y":[37.202,37.202,1]},"o":{"x":[0.167,0.167,0.167],"y":[0,0,0]},"t":60,"s":[100,100,100]},{"t":62.0000025253118,"s":[100,100,100]}],"ix":6,"l":2}},"ao":0,"ip":0,"op":390.000015885026,"st":0,"bm":0},{"ddd":0,"ind":2,"ty":2,"nm":"D","refId":"image_1","sr":1,"ks":{"o":{"a":0,"k":100,"ix":11},"r":{"a":0,"k":0,"ix":10},"p":{"a":0,"k":[560.879,182.584,0],"ix":2,"l":2},"a":{"a":0,"k":[186.677,208.975,0],"ix":1,"l":2},"s":{"a":0,"k":[100,100,100],"ix":6,"l":2}},"ao":0,"ip":0,"op":390.000015885026,"st":0,"bm":0},{"ddd":0,"ind":3,"ty":4,"nm":"Shape Layer 2","td":1,"sr":1,"ks":{"o":{"a":0,"k":100,"ix":11},"r":{"a":0,"k":0,"ix":10},"p":{"a":0,"k":[535.5,179,0],"ix":2,"l":2},"a":{"a":0,"k":[0,0,0],"ix":1,"l":2},"s":{"a":0,"k":[100,100,100],"ix":6,"l":2}},"ao":0,"shapes":[{"ty":"gr","it":[{"ty":"rc","d":1,"s":{"a":0,"k":[455.539,179.363],"ix":2},"p":{"a":0,"k":[0,0],"ix":3},"r":{"a":0,"k":0,"ix":4},"nm":"Rectangle Path 1","mn":"ADBE Vector Shape - Rect","hd":false},{"ty":"st","c":{"a":0,"k":[0,0,0,1],"ix":3},"o":{"a":0,"k":100,"ix":4},"w":{"a":0,"k":0,"ix":5},"lc":1,"lj":1,"ml":4,"bm":0,"nm":"Stroke 1","mn":"ADBE Vector Graphic - Stroke","hd":false},{"ty":"fl","c":{"a":0,"k":[0,0,0,1],"ix":4},"o":{"a":0,"k":100,"ix":5},"r":1,"bm":0,"nm":"Fill 1","mn":"ADBE Vector Graphic - Fill","hd":false},{"ty":"tr","p":{"a":0,"k":[274.27,43.682],"ix":2},"a":{"a":0,"k":[0,0],"ix":1},"s":{"a":0,"k":[100,100],"ix":3},"r":{"a":0,"k":0,"ix":6},"o":{"a":0,"k":100,"ix":7},"sk":{"a":0,"k":0,"ix":4},"sa":{"a":0,"k":0,"ix":5},"nm":"Transform"}],"nm":"Rectangle 1","np":3,"cix":2,"bm":0,"ix":1,"mn":"ADBE Vector Group","hd":false}],"ip":0,"op":390.000015885026,"st":0,"bm":0},{"ddd":0,"ind":4,"ty":2,"nm":"esign","tt":1,"refId":"image_2","sr":1,"ks":{"o":{"a":0,"k":100,"ix":11},"r":{"a":0,"k":0,"ix":10},"p":{"a":1,"k":[{"i":{"x":0.667,"y":1},"o":{"x":0.333,"y":0},"t":20,"s":[362.249,214.845,0],"to":[74.667,0,0],"ti":[-74.667,0,0]},{"t":40.0000016292334,"s":[810.249,214.845,0]}],"ix":2,"l":2},"a":{"a":0,"k":[233.304,83.086,0],"ix":1,"l":2},"s":{"a":0,"k":[100,100,100],"ix":6,"l":2}},"ao":0,"ip":0,"op":390.000015885026,"st":0,"bm":0},{"ddd":0,"ind":5,"ty":2,"nm":"Cuadro","refId":"image_3","sr":1,"ks":{"o":{"a":0,"k":100,"ix":11},"r":{"a":0,"k":0,"ix":10},"p":{"a":1,"k":[{"i":{"x":0.667,"y":1},"o":{"x":0.333,"y":0},"t":0,"s":[435.463,193.914,0],"to":[-1.5,0,0],"ti":[1.5,0,0]},{"t":20.0000008146167,"s":[426.463,193.914,0]}],"ix":2,"l":2},"a":{"a":0,"k":[-2.14,159.897,0],"ix":1,"l":2},"s":{"a":1,"k":[{"i":{"x":[0.667,0.667,0.667],"y":[1,1,1]},"o":{"x":[0.333,0.333,0.333],"y":[0,0,0]},"t":0,"s":[25,100,100]},{"t":20.0000008146167,"s":[100,100,100]}],"ix":6,"l":2}},"ao":0,"ip":0,"op":390.000015885026,"st":0,"bm":0},{"ddd":0,"ind":6,"ty":4,"nm":"Shape Layer 1","td":1,"sr":1,"ks":{"o":{"a":0,"k":100,"ix":11},"r":{"a":0,"k":0,"ix":10},"p":{"a":0,"k":[535.5,179,0],"ix":2,"l":2},"a":{"a":0,"k":[0,0,0],"ix":1,"l":2},"s":{"a":0,"k":[100,100,100],"ix":6,"l":2}},"ao":0,"shapes":[{"ty":"gr","it":[{"ty":"rc","d":1,"s":{"a":0,"k":[414.32,300.5],"ix":2},"p":{"a":0,"k":[0,0],"ix":3},"r":{"a":0,"k":0,"ix":4},"nm":"Rectangle Path 1","mn":"ADBE Vector Shape - Rect","hd":false},{"ty":"st","c":{"a":0,"k":[0,0,0,1],"ix":3},"o":{"a":0,"k":100,"ix":4},"w":{"a":0,"k":0,"ix":5},"lc":1,"lj":1,"ml":4,"bm":0,"nm":"Stroke 1","mn":"ADBE Vector Graphic - Stroke","hd":false},{"ty":"fl","c":{"a":0,"k":[0,0,0,1],"ix":4},"o":{"a":0,"k":100,"ix":5},"r":1,"bm":0,"nm":"Fill 1","mn":"ADBE Vector Graphic - Fill","hd":false},{"ty":"tr","p":{"a":0,"k":[-371.34,-60.75],"ix":2},"a":{"a":0,"k":[0,0],"ix":1},"s":{"a":0,"k":[100,100],"ix":3},"r":{"a":0,"k":0,"ix":6},"o":{"a":0,"k":100,"ix":7},"sk":{"a":0,"k":0,"ix":4},"sa":{"a":0,"k":0,"ix":5},"nm":"Transform"}],"nm":"Rectangle 1","np":3,"cix":2,"bm":0,"ix":1,"mn":"ADBE Vector Group","hd":false}],"ip":0,"op":390.000015885026,"st":0,"bm":0},{"ddd":0,"ind":7,"ty":2,"nm":"Bran","tt":1,"refId":"image_4","sr":1,"ks":{"o":{"a":0,"k":100,"ix":11},"r":{"a":0,"k":0,"ix":10},"p":{"a":1,"k":[{"i":{"x":0.667,"y":1},"o":{"x":0.333,"y":0},"t":20,"s":[548.695,114.379,0],"to":[-59.833,0,0],"ti":[59.833,0,0]},{"t":40.0000016292334,"s":[189.695,114.379,0]}],"ix":2,"l":2},"a":{"a":0,"k":[190.157,83.086,0],"ix":1,"l":2},"s":{"a":0,"k":[100,100,100],"ix":6,"l":2}},"ao":0,"ip":0,"op":390.000015885026,"st":0,"bm":0}],"markers":[]}